Designator,Footprint,Quantity,Value,LCSC Part #
BAT1,BAT-SMD_CR1202,1,3000,C238097
"C1, C38, C4, C40, C41, C42",0402,6,10uF,
"C10, C13, C15, C17, C18, C19, C20, C22, C26, C48, C49, C6",0402,12,1uF,
"C11, C36, C44, C8",0402,4,10nF,
"C12, C14, C16, C2, C21, C23, C24, C25, C27, C28, C3, C31, C32, C33, C34, C35, C43, C45, C46, C47, C5, C50, C7, C9",0402,24,100nF,
"C29, C30",0402,2,18pF,
"C37, C39",0402,2,4.7uF,
D1,SOT-23-6_L2.9-W1.6-P0.95-LS2.8-BL,1,USBLC6-2SC6,C7519
"D2, D3",SOD-123F_L2.7-W1.7-LS3.6-RD,2,PMEG2010ER-TP,C49231019
FPC1,FPC-SMD_C66660,1,1.0-15P下接,C66660
J1,SolderWire-0.1sqmm_1x02_P3.6mm_D0.4mm_OD1mm,1,Conn_01x02,
"LED1, LED2, LED3, LED4, LED5",LED0402-R-RD,5,16-213SURC/S530-A4/TR8,C74339
"Q1, Q2",SOT-23-3_L2.9-W1.3-P1.90-LS2.4-BR,2,AO3401A_C306862,C306862
"R1, R10, R13, R14, R16, R17, R18, R19, R20, R32, R34, R36, R4, R41, R42, R5, R9",0402,17,10kΩ,
R11,0402,1,5.1kΩ,
"R12, R15, R6",0402,3,51kΩ,
"R2, R3",0402,2,4.02kΩ,
R21,0402,1,450kΩ,
"R22, R23, R24, R25",0402,4,100kΩ,
R26,0402,1,1.6kΩ,
R27,0402,1,910Ω,
"R28, R29",0402,2,150Ω,
R30,0402,1,50kΩ,
R31,0402,1,750Ω,
R33,0402,1,24.9kΩ,
R35,0402,1,15kΩ,
R37,0402,1,330Ω,
"R38, R39, R7, R8",0402,4,2.2kΩ,
R40,0402,1,4.7kΩ,
"R43, R44, R45",0402,3,3.3kΩ,
SD1,TF-SMD_503398-1892,1,503398-1892,C428492
"SW1, SW2",SW-SMD_4P-L2.6-W1.6-P0.75-LS3.0,2,1TS026A-1000-0550-CT,C913778
"TP1, TP2, TP3",TestPoint_Pad_1.0x1.0mm,3,TestPoint,
U1,QFN-104_L10.0-W10.0-P0.35-TL-EP7.5,1,ESP32-P4NRW32X,C54540373
U10,WIFIM-SMD_61P-L16.6-W13.2-P0.80-ESP32-C6-MINI-1-N4,1,ESP32-C6-MINI-1-N4,C5736265
U11,LGA-14_L3.0-W2.5-P0.50-TL,1,LSM6DSOTR,C2655100
U12,SOIC-8_L4.9-W3.9-P1.27-LS6.0-BL,1,DS3231MZ+_C722467,C722467
U2,SOIC127P790X216-8N,1,W25Q128JVSIQ,
"U3, U4",SOT-563_L1.6-W1.2-P0.50-LS1.6-BL,2,TLV62569PDRLR,C398364
"U5, U6",IND-SMD_L4.0-W4.0-A,2,XAL4020-222MEC,C3151182
U7,QFN-16_L3.0-W3.0-P0.50-TL-EP1.7,1,BQ24074RGTR,C54313
U8,CONN-SMD_SM03B-SRSS-TB-LF-SN-P,1,SM03B-SRSS-TB,C160403
U9,CONN-TH_S2B-PH-K-S-LF-SN,1,S2B-PH-K-S,C173752
USB1,USB-C-SMD_2171790001,1,2171790001,C3197684
Y1,Crystal_SMD_3225-4Pin_3.2x2.5mm,1,Crystal_GND24_Small,
