Designator,Mid X,Mid Y,Rotation,Layer
BAT1,143.5,-105.0,180.0,bottom
C1,157.37,-93.71,270.0,bottom
C10,159.99,-96.36,0.0,bottom
C11,163.27,-98.32,0.0,bottom
C12,163.27,-97.4,0.0,bottom
C13,163.27,-96.48,0.0,bottom
C14,166.27,-97.56,270.0,bottom
C15,167.19,-97.56,90.0,bottom
C16,166.74,-96.19,0.0,bottom
C17,162.69,-92.36,180.0,bottom
C18,167.23,-92.4,0.0,bottom
C19,167.23,-93.33,0.0,bottom
C2,156.45,-93.71,270.0,bottom
C20,162.69,-93.28,180.0,bottom
C21,165.86,-90.11,270.0,top
C22,166.78,-90.11,90.0,top
C23,162.69,-91.44,180.0,bottom
C24,167.23,-91.48,0.0,bottom
C25,160.87,-91.44,0.0,bottom
C26,160.87,-92.36,180.0,bottom
C27,160.46,-88.74,180.0,top
C28,158.22,-91.85,90.0,bottom
C29,159.56,-87.13,270.0,top
C3,153.09,-97.43,180.0,top
C30,154.44,-87.13,90.0,top
C31,151.92,-87.13,270.0,top
C32,151.0,-87.13,270.0,top
C33,153.2,-88.97,270.0,top
C34,151.32,-100.72,270.0,top
C35,157.47,-106.98,180.0,top
C36,157.47,-107.92,180.0,top
C37,168.97,-81.92,270.0,top
C38,165.54,-86.29,270.0,top
C39,176.89,-80.98,270.0,top
C4,153.29,-100.1,180.0,top
C40,172.54,-86.8,90.0,top
C41,170.3,-101.82,0.0,top
C42,171.74,-104.19,90.0,top
C43,131.15,-104.98,0.0,top
C44,131.15,-104.06,0.0,top
C45,135.15,-104.06,180.0,top
C46,150.98,-98.96,180.0,top
C47,149.02,-98.96,0.0,top
C48,157.64,-108.62,270.0,bottom
C49,147.04,-81.68,0.0,top
C5,153.29,-99.18,180.0,top
C50,147.04,-82.68,0.0,top
C6,158.17,-98.2,0.0,bottom
C7,158.17,-97.28,0.0,bottom
C8,159.99,-98.2,0.0,bottom
C9,159.99,-97.28,0.0,bottom
D1,170.2,-99.85,270.0,top
D2,169.85,-97.77,90.0,bottom
D3,171.6,-97.77,90.0,bottom
FPC1,150.0,-111.1,0.0,top
LED1,165.7,-101.76,270.0,top
LED2,166.65,-101.76,270.0,top
LED3,178.0,-90.4,270.0,top
LED4,134.0,-80.9,270.0,top
LED5,130.0,-80.9,270.0,top
Q1,159.98,-106.04,180.0,top
Q2,153.5,-82.2,0.0,top
R1,156.33,-98.19,0.0,bottom
R10,153.0,-107.45,270.0,top
R11,170.28,-97.87,0.0,top
R12,171.74,-102.29,90.0,top
R13,170.28,-96.93,0.0,top
R14,171.68,-97.39,270.0,top
R15,145.32,-82.2,270.0,top
R16,150.81,-82.2,270.0,top
R17,149.72,-82.2,270.0,top
R18,148.61,-82.2,270.0,top
R19,144.21,-82.2,270.0,top
R2,157.87,-101.33,90.0,top
R20,143.12,-82.2,270.0,top
R21,164.61,-86.27,90.0,top
R22,164.61,-84.3,90.0,top
R23,171.61,-84.3,90.0,top
R24,171.61,-86.26,90.0,top
R25,176.42,-82.36,180.0,top
R26,166.19,-105.25,180.0,top
R27,169.95,-107.31,270.0,top
R28,166.65,-103.85,90.0,top
R29,165.7,-103.85,90.0,top
R3,163.0,-101.33,90.0,top
R30,168.95,-107.31,270.0,top
R31,166.07,-113.19,180.0,bottom
R32,166.08,-111.47,180.0,bottom
R33,166.08,-110.53,0.0,bottom
R34,171.09,-95.0,180.0,bottom
R35,170.06,-94.01,180.0,bottom
R36,135.13,-104.99,0.0,top
R37,176.5,-91.0,0.0,top
R38,134.0,-83.0,90.0,top
R39,130.0,-83.0,90.0,top
R4,166.33,-93.93,0.0,top
R40,167.98,-89.68,90.0,top
R41,146.38,-97.78,180.0,top
R42,147.78,-97.32,90.0,top
R43,157.17,-105.61,0.0,bottom
R44,157.17,-106.88,0.0,bottom
R45,165.82,-108.65,270.0,bottom
R5,152.85,-87.13,90.0,top
R6,158.86,-107.45,270.0,top
R7,156.0,-107.45,270.0,top
R8,155.0,-107.45,270.0,top
R9,154.0,-107.45,270.0,top
SD1,148.4,-90.5,0.0,bottom
SW1,150.99,-88.89,0.0,top
SW2,170.2,-88.9,180.0,top
U1,159.8,-94.8,90.0,top
U10,134.0,-97.0,90.0,top
U11,150.0,-97.0,0.0,top
U12,161.75,-107.51,180.0,bottom
U2,146.2,-102.7,0.0,top
U3,167.0,-82.0,270.0,top
U4,174.0,-82.0,270.0,top
U5,168.0,-85.2,180.0,top
U6,175.0,-85.2,180.0,top
U7,169.2,-104.36,270.0,top
U8,169.51,-109.2,180.0,bottom
U9,163.0,-82.475,90.0,bottom
USB1,175.5625,-100.35,90.0,top
Y1,157.0,-87.5,0.0,top
