lux,group,repeat,filename,width_px,height_px,crop_x,crop_y,crop_width,crop_height,mean_brightness,noise_std,snr_db,sharpness_laplacian_variance
3.000000,3LUX,1,2026y09m29d_20h29min34s_000110.jpg,1920,1080,0,0,1920,1080,141.574570,9.458021,23.503699,1780.674805
3.000000,3LUX,2,2026y09m29d_20h29min44s_000111.jpg,1920,1080,0,0,1920,1080,139.576492,9.245583,23.577560,1698.800903
3.000000,3LUX,3,2026y09m29d_20h29min54s_000112.jpg,1920,1080,0,0,1920,1080,142.889816,9.563026,23.488118,1821.816528
3.000000,3LUX,4,2026y09m29d_20h30min04s_000113.jpg,1920,1080,0,0,1920,1080,142.161026,9.457970,23.539653,1781.218750
3.000000,3LUX,5,2026y09m29d_20h30min15s_000114.jpg,1920,1080,0,0,1920,1080,142.264481,9.477588,23.527973,1789.335083
3.000000,3LUX,6,2026y09m29d_20h30min25s_000115.jpg,1920,1080,0,0,1920,1080,142.922226,9.524479,23.525171,1808.523071
3.000000,3LUX,7,2026y09m29d_20h30min35s_000116.jpg,1920,1080,0,0,1920,1080,142.800446,9.536868,23.506476,1818.824829
3.000000,3LUX,8,2026y09m29d_20h30min45s_000117.jpg,1920,1080,0,0,1920,1080,142.730881,9.579196,23.463778,1827.108765
3.000000,3LUX,9,2026y09m29d_20h30min55s_000118.jpg,1920,1080,0,0,1920,1080,145.131638,9.497195,23.683335,1782.735474
3.000000,3LUX,10,2026y09m29d_20h31min05s_000119.jpg,1920,1080,0,0,1920,1080,145.581955,9.545195,23.666455,1803.093994
8.000000,8LUX,1,2026y09m29d_20h27min52s_000100.jpg,1920,1080,0,0,1920,1080,143.348862,5.371523,28.525936,512.441284
8.000000,8LUX,2,2026y09m29d_20h28min02s_000101.jpg,1920,1080,0,0,1920,1080,143.400864,5.393396,28.493789,516.571655
8.000000,8LUX,3,2026y09m29d_20h28min12s_000102.jpg,1920,1080,0,0,1920,1080,143.470383,5.398463,28.489842,517.511475
8.000000,8LUX,4,2026y09m29d_20h28min22s_000103.jpg,1920,1080,0,0,1920,1080,143.499222,5.404160,28.482428,519.122375
8.000000,8LUX,5,2026y09m29d_20h28min33s_000104.jpg,1920,1080,0,0,1920,1080,143.472778,5.392812,28.499085,515.412842
8.000000,8LUX,6,2026y09m29d_20h28min43s_000105.jpg,1920,1080,0,0,1920,1080,143.493668,5.404634,28.481329,518.922913
8.000000,8LUX,7,2026y09m29d_20h28min53s_000106.jpg,1920,1080,0,0,1920,1080,144.199265,5.446674,28.456633,528.485229
8.000000,8LUX,8,2026y09m29d_20h29min03s_000107.jpg,1920,1080,0,0,1920,1080,144.207443,5.429885,28.483941,523.526794
8.000000,8LUX,9,2026y09m29d_20h29min13s_000108.jpg,1920,1080,0,0,1920,1080,144.670532,5.470408,28.447207,532.788086
8.000000,8LUX,10,2026y09m29d_20h29min24s_000109.jpg,1920,1080,0,0,1920,1080,143.319458,5.391418,28.492042,515.574524
18.000000,18LUX,1,2026y09m29d_20h26min10s_000090.jpg,1920,1080,0,0,1920,1080,142.991302,4.207316,30.626090,281.059143
18.000000,18LUX,2,2026y09m29d_20h26min20s_000091.jpg,1920,1080,0,0,1920,1080,143.093857,4.197312,30.652995,279.294434
18.000000,18LUX,3,2026y09m29d_20h26min30s_000092.jpg,1920,1080,0,0,1920,1080,143.018753,4.205949,30.630580,281.018585
18.000000,18LUX,4,2026y09m29d_20h26min40s_000093.jpg,1920,1080,0,0,1920,1080,142.916290,4.189358,30.658686,278.391907
18.000000,18LUX,5,2026y09m29d_20h26min51s_000094.jpg,1920,1080,0,0,1920,1080,142.912003,4.202713,30.630779,280.005585
18.000000,18LUX,6,2026y09m29d_20h27min01s_000095.jpg,1920,1080,0,0,1920,1080,142.848389,4.204844,30.622510,280.641357
18.000000,18LUX,7,2026y09m29d_20h27min11s_000096.jpg,1920,1080,0,0,1920,1080,142.839569,4.195695,30.640893,279.079254
18.000000,18LUX,8,2026y09m29d_20h27min21s_000097.jpg,1920,1080,0,0,1920,1080,142.520874,4.184343,30.645023,277.052521
18.000000,18LUX,9,2026y09m29d_20h27min31s_000098.jpg,1920,1080,0,0,1920,1080,142.629089,4.191099,30.637603,278.359558
18.000000,18LUX,10,2026y09m29d_20h27min42s_000099.jpg,1920,1080,0,0,1920,1080,143.786163,4.308797,30.467221,296.975861
35.000000,35LUX,1,2026y09m29d_20h24min28s_000080.jpg,1920,1080,0,0,1920,1080,145.324661,3.455483,32.476611,174.108627
35.000000,35LUX,2,2026y09m29d_20h24min38s_000081.jpg,1920,1080,0,0,1920,1080,144.929794,3.461566,32.437701,174.706573
35.000000,35LUX,3,2026y09m29d_20h24min48s_000082.jpg,1920,1080,0,0,1920,1080,145.303299,3.461259,32.460827,174.412811
35.000000,35LUX,4,2026y09m29d_20h24min58s_000083.jpg,1920,1080,0,0,1920,1080,145.332581,3.478927,32.418352,176.986450
35.000000,35LUX,5,2026y09m29d_20h25min09s_000084.jpg,1920,1080,0,0,1920,1080,145.117691,3.519119,32.305727,182.703644
35.000000,35LUX,6,2026y09m29d_20h25min19s_000085.jpg,1920,1080,0,0,1920,1080,145.184692,3.456117,32.466648,173.529068
35.000000,35LUX,7,2026y09m29d_20h25min29s_000086.jpg,1920,1080,0,0,1920,1080,145.132019,3.458547,32.457391,174.002975
35.000000,35LUX,8,2026y09m29d_20h25min39s_000087.jpg,1920,1080,0,0,1920,1080,145.165787,3.470513,32.429412,177.542496
35.000000,35LUX,9,2026y09m29d_20h25min49s_000088.jpg,1920,1080,0,0,1920,1080,145.138062,3.451380,32.475770,173.610199
35.000000,35LUX,10,2026y09m29d_20h26min00s_000089.jpg,1920,1080,0,0,1920,1080,145.000656,3.457987,32.450931,174.377472
55.000000,55LUX,1,2026y09m29d_20h22min46s_000070.jpg,1920,1080,0,0,1920,1080,145.517532,3.481770,32.422306,176.638062
55.000000,55LUX,2,2026y09m29d_20h22min56s_000071.jpg,1920,1080,0,0,1920,1080,145.628830,3.491237,32.405361,177.090027
55.000000,55LUX,3,2026y09m29d_20h23min06s_000072.jpg,1920,1080,0,0,1920,1080,145.704666,3.506117,32.372942,179.764175
55.000000,55LUX,4,2026y09m29d_20h23min16s_000073.jpg,1920,1080,0,0,1920,1080,145.712570,3.509258,32.365635,179.914474
55.000000,55LUX,5,2026y09m29d_20h23min27s_000074.jpg,1920,1080,0,0,1920,1080,145.687927,3.510067,32.362163,179.918808
55.000000,55LUX,6,2026y09m29d_20h23min37s_000075.jpg,1920,1080,0,0,1920,1080,145.683792,3.510987,32.359640,180.184906
55.000000,55LUX,7,2026y09m29d_20h23min47s_000076.jpg,1920,1080,0,0,1920,1080,145.690033,3.507754,32.368015,179.894089
55.000000,55LUX,8,2026y09m29d_20h23min57s_000077.jpg,1920,1080,0,0,1920,1080,145.683640,3.559696,32.239956,190.552948
55.000000,55LUX,9,2026y09m29d_20h24min07s_000078.jpg,1920,1080,0,0,1920,1080,145.606506,3.515667,32.343462,180.457687
55.000000,55LUX,10,2026y09m29d_20h24min18s_000079.jpg,1920,1080,0,0,1920,1080,145.672012,3.517025,32.344014,181.146301
75.000000,75LUX,1,2026y09m29d_20h21min04s_000060.jpg,1920,1080,0,0,1920,1080,152.077423,3.531702,32.681614,175.515778
75.000000,75LUX,2,2026y09m29d_20h21min14s_000061.jpg,1920,1080,0,0,1920,1080,151.874268,3.526158,32.683648,175.268234
75.000000,75LUX,3,2026y09m29d_20h21min24s_000062.jpg,1920,1080,0,0,1920,1080,151.989197,3.527387,32.687191,175.833450
75.000000,75LUX,4,2026y09m29d_20h21min34s_000063.jpg,1920,1080,0,0,1920,1080,151.858917,3.528326,32.677432,178.355118
75.000000,75LUX,5,2026y09m29d_20h21min45s_000064.jpg,1920,1080,0,0,1920,1080,151.577789,3.509167,32.708631,173.900833
75.000000,75LUX,6,2026y09m29d_20h21min55s_000065.jpg,1920,1080,0,0,1920,1080,151.589355,3.506242,32.716537,173.102127
75.000000,75LUX,7,2026y09m29d_20h22min05s_000066.jpg,1920,1080,0,0,1920,1080,151.384140,3.531980,32.641243,176.661484
75.000000,75LUX,8,2026y09m29d_20h22min15s_000067.jpg,1920,1080,0,0,1920,1080,151.505112,3.516221,32.687022,174.355957
75.000000,75LUX,9,2026y09m29d_20h22min25s_000068.jpg,1920,1080,0,0,1920,1080,151.476273,3.508857,32.703578,173.157486
75.000000,75LUX,10,2026y09m29d_20h22min36s_000069.jpg,1920,1080,0,0,1920,1080,151.372528,3.490655,32.742803,171.167465
