lux,group,repeat,filename,width_px,height_px,crop_x,crop_y,crop_width,crop_height,mean_brightness,noise_std,snr_db,sharpness_laplacian_variance
20.000000,20LUX,1,2026y09m29d_19h57min49s_000049.jpg,1920,1080,0,0,1920,1080,138.038422,3.652298,31.548676,191.106506
20.000000,20LUX,2,2026y09m29d_19h57min59s_000050.jpg,1920,1080,0,0,1920,1080,137.787994,3.642208,31.556932,189.140076
20.000000,20LUX,3,2026y09m29d_19h58min10s_000051.jpg,1920,1080,0,0,1920,1080,138.344818,3.648705,31.576483,190.245438
20.000000,20LUX,4,2026y09m29d_19h58min20s_000052.jpg,1920,1080,0,0,1920,1080,137.857941,3.686412,31.456559,194.225769
20.000000,20LUX,5,2026y09m29d_19h58min30s_000053.jpg,1920,1080,0,0,1920,1080,137.729462,3.639560,31.559559,189.673080
20.000000,20LUX,6,2026y09m29d_19h58min40s_000054.jpg,1920,1080,0,0,1920,1080,137.936722,3.677726,31.482011,193.858154
20.000000,20LUX,7,2026y09m29d_19h58min50s_000055.jpg,1920,1080,0,0,1920,1080,137.710388,3.663982,31.500268,193.260040
20.000000,20LUX,8,2026y09m29d_19h59min01s_000056.jpg,1920,1080,0,0,1920,1080,137.709778,3.641802,31.552970,189.605240
20.000000,20LUX,9,2026y09m29d_19h59min11s_000057.jpg,1920,1080,0,0,1920,1080,137.715744,3.629843,31.581914,187.617004
20.000000,20LUX,10,2026y09m29d_19h59min21s_000058.jpg,1920,1080,0,0,1920,1080,137.764343,3.632304,31.579092,189.042999
60.000000,60LUX,1,2026y09m29d_19h56min07s_000039.jpg,1920,1080,0,0,1920,1080,137.086044,3.125081,32.842639,127.925110
60.000000,60LUX,2,2026y09m29d_19h56min18s_000040.jpg,1920,1080,0,0,1920,1080,137.123230,3.173968,32.710170,136.833115
60.000000,60LUX,3,2026y09m29d_19h56min28s_000041.jpg,1920,1080,0,0,1920,1080,137.009262,3.124616,32.839064,127.044312
60.000000,60LUX,4,2026y09m29d_19h56min38s_000042.jpg,1920,1080,0,0,1920,1080,137.106384,3.129420,32.831876,127.949516
60.000000,60LUX,5,2026y09m29d_19h56min48s_000043.jpg,1920,1080,0,0,1920,1080,137.237259,3.129420,32.840165,127.282806
60.000000,60LUX,6,2026y09m29d_19h56min58s_000044.jpg,1920,1080,0,0,1920,1080,137.304779,3.128878,32.845941,127.470322
60.000000,60LUX,7,2026y09m29d_19h57min08s_000045.jpg,1920,1080,0,0,1920,1080,137.294586,3.128006,32.847717,128.412704
60.000000,60LUX,8,2026y09m29d_19h57min19s_000046.jpg,1920,1080,0,0,1920,1080,137.346512,3.138376,32.822253,128.526611
60.000000,60LUX,9,2026y09m29d_19h57min29s_000047.jpg,1920,1080,0,0,1920,1080,137.309967,3.134606,32.830382,128.294724
60.000000,60LUX,10,2026y09m29d_19h57min39s_000048.jpg,1920,1080,0,0,1920,1080,137.117432,3.125505,32.843450,127.328621
120.000000,120LUX,1,2026y09m29d_19h54min25s_000029.jpg,1920,1080,0,0,1920,1080,138.127411,3.055535,33.103852,117.526291
120.000000,120LUX,2,2026y09m29d_19h54min36s_000030.jpg,1920,1080,0,0,1920,1080,138.267075,3.057264,33.107716,117.447235
120.000000,120LUX,3,2026y09m29d_19h54min46s_000031.jpg,1920,1080,0,0,1920,1080,138.169754,3.061975,33.088226,118.051025
120.000000,120LUX,4,2026y09m29d_19h54min56s_000032.jpg,1920,1080,0,0,1920,1080,138.269348,3.094895,33.001600,124.323013
120.000000,120LUX,5,2026y09m29d_19h55min06s_000033.jpg,1920,1080,0,0,1920,1080,138.186005,3.064528,33.082011,118.340912
120.000000,120LUX,6,2026y09m29d_19h55min16s_000034.jpg,1920,1080,0,0,1920,1080,138.219009,3.058778,33.100397,117.222450
120.000000,120LUX,7,2026y09m29d_19h55min27s_000035.jpg,1920,1080,0,0,1920,1080,138.264587,3.064005,33.088430,118.593689
120.000000,120LUX,8,2026y09m29d_19h55min37s_000036.jpg,1920,1080,0,0,1920,1080,138.230286,3.059599,33.098774,117.964127
120.000000,120LUX,9,2026y09m29d_19h55min47s_000037.jpg,1920,1080,0,0,1920,1080,138.243240,3.051902,33.121466,117.196388
120.000000,120LUX,10,2026y09m29d_19h55min57s_000038.jpg,1920,1080,0,0,1920,1080,138.240906,3.075564,33.054235,122.062248
240.000000,240LUX,1,2026y09m29d_19h52min43s_000019.jpg,1920,1080,0,0,1920,1080,138.292389,3.118565,32.936871,124.800522
240.000000,240LUX,2,2026y09m29d_19h52min54s_000020.jpg,1920,1080,0,0,1920,1080,138.316757,3.108575,32.966270,123.608734
240.000000,240LUX,3,2026y09m29d_19h53min04s_000021.jpg,1920,1080,0,0,1920,1080,138.325653,3.120055,32.934809,124.408173
240.000000,240LUX,4,2026y09m29d_19h53min14s_000022.jpg,1920,1080,0,0,1920,1080,138.389847,3.116442,32.948902,124.031403
240.000000,240LUX,5,2026y09m29d_19h53min24s_000023.jpg,1920,1080,0,0,1920,1080,138.345322,3.140017,32.880650,126.611626
240.000000,240LUX,6,2026y09m29d_19h53min34s_000024.jpg,1920,1080,0,0,1920,1080,138.358063,3.122805,32.929193,125.098190
240.000000,240LUX,7,2026y09m29d_19h53min45s_000025.jpg,1920,1080,0,0,1920,1080,138.348648,3.117341,32.943811,124.138634
240.000000,240LUX,8,2026y09m29d_19h53min55s_000026.jpg,1920,1080,0,0,1920,1080,138.350967,3.143764,32.870644,128.589706
240.000000,240LUX,9,2026y09m29d_19h54min05s_000027.jpg,1920,1080,0,0,1920,1080,138.355026,3.141698,32.876609,131.425598
240.000000,240LUX,10,2026y09m29d_19h54min15s_000028.jpg,1920,1080,0,0,1920,1080,138.350311,3.122996,32.928174,125.168846
380.000000,380LUX,1,2026y09m29d_19h51min01s_000009.jpg,1920,1080,0,0,1920,1080,136.226517,3.021784,33.079964,115.692223
380.000000,380LUX,2,2026y09m29d_19h51min12s_000010.jpg,1920,1080,0,0,1920,1080,138.667770,3.094325,33.028193,120.743233
380.000000,380LUX,3,2026y09m29d_19h51min22s_000011.jpg,1920,1080,0,0,1920,1080,138.538177,3.087868,33.038214,120.115135
380.000000,380LUX,4,2026y09m29d_19h51min32s_000012.jpg,1920,1080,0,0,1920,1080,138.481506,3.094301,33.016584,122.966705
380.000000,380LUX,5,2026y09m29d_19h51min42s_000013.jpg,1920,1080,0,0,1920,1080,138.446320,3.085303,33.039672,119.905388
380.000000,380LUX,6,2026y09m29d_19h51min52s_000014.jpg,1920,1080,0,0,1920,1080,138.412201,3.109890,32.968588,124.088165
380.000000,380LUX,7,2026y09m29d_19h52min03s_000015.jpg,1920,1080,0,0,1920,1080,138.385849,3.158077,32.833379,138.125275
380.000000,380LUX,8,2026y09m29d_19h52min13s_000016.jpg,1920,1080,0,0,1920,1080,138.460571,3.092583,33.020094,120.925346
380.000000,380LUX,9,2026y09m29d_19h52min23s_000017.jpg,1920,1080,0,0,1920,1080,138.440735,3.162283,32.825264,130.779037
380.000000,380LUX,10,2026y09m29d_19h52min33s_000018.jpg,1920,1080,0,0,1920,1080,138.415451,3.084178,33.040903,119.950073
500.000000,500LUX,1,2026y09m29d_19h49min15s_000002.jpg,1920,1080,0,0,1920,1080,142.556396,3.207841,32.955478,129.884277
500.000000,500LUX,2,2026y09m29d_19h49min30s_000000.jpg,1920,1080,0,0,1920,1080,142.063797,3.194448,32.961752,128.646072
500.000000,500LUX,3,2026y09m29d_19h49min40s_000001.jpg,1920,1080,0,0,1920,1080,141.968369,3.186718,32.976958,128.457794
500.000000,500LUX,4,2026y09m29d_19h49min50s_000002.jpg,1920,1080,0,0,1920,1080,141.973831,3.194228,32.956848,128.577072
500.000000,500LUX,5,2026y09m29d_19h50min00s_000003.jpg,1920,1080,0,0,1920,1080,141.994949,3.191849,32.964611,128.446365
500.000000,500LUX,6,2026y09m29d_19h50min10s_000004.jpg,1920,1080,0,0,1920,1080,141.943558,3.189470,32.967943,127.841957
500.000000,500LUX,7,2026y09m29d_19h50min21s_000005.jpg,1920,1080,0,0,1920,1080,141.911545,3.191092,32.961569,128.745895
500.000000,500LUX,8,2026y09m29d_19h50min31s_000006.jpg,1920,1080,0,0,1920,1080,141.865524,3.204413,32.922568,129.986145
500.000000,500LUX,9,2026y09m29d_19h50min41s_000007.jpg,1920,1080,0,0,1920,1080,141.746567,3.191168,32.951258,128.327850
500.000000,500LUX,10,2026y09m29d_19h50min51s_000008.jpg,1920,1080,0,0,1920,1080,141.729477,3.183122,32.972137,128.109894
